Question,Answer,Class
My order hasn't arrived yet. What should I do?,"We apologize for the delay. Please check your order status on our website to see if there are any updates. If you still have questions, please contact our customer service team for assistance.",order status
The product I received is damaged. How can I get a replacement?,We're sorry to hear that your product was damaged. Please contact our customer service team as soon as possible and provide photos of the damaged item. We'll be happy to send you a replacement at no extra cost.,replacement
Can I exchange my old microwave for new one,based on the product it differs please refer to product description,exchange
I received the wrong product. How can I get the right one?,We apologize for the mistake. Please contact our customer service team as soon as possible and provide the order number and details of the incorrect item you received. We'll be happy to send you the correct item at no extra cost.,replacement
How can I track my order?,"You can track your order on our website by logging into your account and selecting the ""Order Status"" option. You'll be able to see the current status of your order and any updates.",track
I have a question about a product. Can you help me?,Absolutely! Please contact our customer service team and provide the details of the product you're interested in. We'll be happy to answer any questions you have.,enquire
I need to return a product. What is your return policy?,"Our return policy varies by product. Please visit our website and click on the ""Returns"" tab for more information. If you have any questions or concerns, please contact our customer service team.",return policy
Does this support open box inspection?,based on the product it differs please refer to product description,inspection
I'm having trouble logging into my account. What should I do?,"Please try resetting your password by clicking on the ""Forgot Password"" link on the login page. If you're still having trouble, please contact our customer service team for assistance.",account access
I have a question about my billing statement. Can you help me?,Sure! Please contact our customer service team and provide the details of your billing statement. We'll be happy to answer any questions you have.,payment issue
I received a defective product. What should I do?,We apologize for the inconvenience. Please contact our customer service team as soon as possible and provide photos of the defective item. We'll be happy to send you a replacement at no extra cost.,quality
I have a question about your return policy. Can you help me?,"Absolutely! Please visit our website and click on the ""Returns"" tab for more information. If you still have questions or concerns, please contact our customer service team.",return policy
I'm having trouble placing an order. What should I do?,"Please check that your payment information is correct and that your shipping address is complete. If you're still having trouble, please contact our customer service team for assistance.",order 
I received the wrong size product. Can I exchange it for the right size?,Absolutely,product issue
"Hi, how can I return an item I purchased?",Hello! You can initiate a return within 30 days of purchase through your account on our website or by contacting our customer support team.,return policy
Can I exchange an item instead of returning it?,"Yes, we do offer exchanges for eligible items. You can initiate an exchange through your account on our website or by contacting our customer support team",exchange
How long does it take to process a return or exchange?,"It usually takes 3-5 business days to process a return or exchange once we receive the item. However, processing times may vary based on the volume of returns and exchanges we are currently handling.",exchange
What if I used a discount code on the item I want to return or exchange?,"If you used a discount code on the item, the refund or exchange will be processed based on the discounted price you paid.",discount
"Okay, thank you for the information!","You're welcome! If you have any further questions or need any other information, feel free to ask. We're here to assist you.",thank you
How long will it take for the refund to get credited into the account ?,The refund will be credited into your account within 8 days,refund
Is there no refund for the product instead of replacement ?,"No, refund is not available for this product ",refund
Display fingerprint lock availabale,which product you are searching for,product enquiry
My payment got interrupted due to network issue. what should i do?,"Don't worry sir/madam, if your order didn't get placed but transaction was done, your amount will be credited back into your account ",payment issue
How can i create a profile in this website?,"I'll guide you through the process, you can create a profile using your Google account or you can create by using your mobile number and email id.",account access
How can i give feedback to the product i bought?,You can give the feedback by opening the product you bought from the cart and you can rate it.,feedback
I've forgotten my password for my account. what i should do?,You can reset your password for your account by entering the OTP you receive through your email or mobile number ,account access
My product hasn't been delivered by the time it should be delivered. what i should do?,"Sorry for the delay, we'll look into the issue and resolve it , will deliver your product soon.",order status
What are the features and specifications of this mobile phone?,"According to the information given, these are the features of the mobile phone from the product page.",product enquiry
What are the different payment methods we can use to buy the product?,"You can buy using credit card, debit card,UPI and Emi installment is also available.",payment issue
"Hi there, what can I do on this website?","Hello! This website is an e-commerce platform where you can buy products online. We have a wide range of products including electronics, clothing, books, and more. You can browse our categories and products, add items to your cart, and checkout securely.",account access
That sounds good. Can I pay with my credit card?,"Yes, we accept credit card payments. We also accept other payment methods such as PayPal and Apple Pay. You can choose your preferred payment method during checkout.",payment issue
How long will it take for my order to arrive?,"It depends on your location and the shipping option you choose. We offer standard and expedited shipping options. Standard shipping usually takes 3-7 business days, while expedited shipping takes 1-3 business days. Once your order is shipped, you will receive a tracking number so you can track your package.",order status
Can I return my order if I'm not satisfied?,"Yes, we have a 30-day return policy. If you are not satisfied with your order, you can return it for a refund or exchange. Please check our return policy page for more information.",return policy
"Alright, thanks for the information.",You're welcome! Let me know if you have any other questions.,thank you
"Hi there, I'm looking for a specific product. Can you help me find it?","Hi! Sure, I'd be happy to help. What product are you looking for?",product enquiry
"Hello, I have a question about your services.",Hi! I'm here to help. What's your question?,product enquiry
"Hey, can you tell me more about your company?","Hello! We're an e-commerce platform that offers a wide range of products for online shopping. Would you like to know more about our company history, our team, or our mission?",platform
"Hi, I'm new to this website. Where should I start?",Hi there! Welcome to our website. We suggest browsing our categories and products to find what you're interested in. You can also check out our featured products or bestsellers for some ideas.,platform
"Hey, is there any ongoing sale or promotion?","Hi! Yes, we have a sale going on right now. You can check our homepage or promotions page to see the latest deals and discounts.",offers
hii,"hlo,I'm here to help you",greet
"Hi, I'm having trouble with my account. Can you help me?",Hi there! I'd be happy to help. Can you please provide me with your account information and a brief description of the issue?,account access
how much time does it take for delivery,The delivery time can vary depending on the shipping method chosen and the destination. Please provide us with your order details and we will be happy to provide an estimated delivery time.,order status
what's shipping duration,Shipping duration refers to the amount of time it takes for your order to be shipped from our warehouse to its final destination. ,order status
how long does it take for product to ship,"Shipping time varies based on several factors like the product availability, shipping method, and delivery location. Kindly provide us with the product details and delivery address for an estimated shipping time.",order status
when will my product be delivered,"Delivery time depends on the shipping method chosen and the destination. Kindly provide us with your order details, and we will be happy to provide an estimated delivery time.",order status
what are payment modes you support,"We support various payment methods, including credit/debit cards, PayPal, and bank transfers. At the checkout page, you will be able to see the available payment methods for your location.",payment issue
do you support UPI payments?,"Yes, we do support UPI payments. At the checkout page, please select UPI as the payment method, and follow the instructions to complete the payment.",payment issue
can I pay on delivery?,"We currently do not offer a pay on delivery option. We apologize for any inconvenience this may cause. We do offer various other payment options, including credit/debit cards, PayPal, and bank transfers.",payment issue
is COD available,"We apologize, but we currently do not offer a cash on delivery (COD) payment option. We offer various other payment methods such as credit/debit cards, PayPal, and bank transfers. Please select a suitable payment method at the checkout page.",payment issue
what are rules for returning a product,"Our return policy allows you to return products within a specified time frame from the date of delivery, provided the product is unused and in its original packaging with all the tags intact. The return policy may vary depending on the product category and your location. Please refer to our website or contact our customer support for more details regarding our return policy.",return policy
how do I return a product,"To initiate a product return, please follow the steps below:

Log in to your account on our website and go to the ""Orders"" section.
Select the order containing the product you wish to return.
Choose the product you wish to return and provide a reason for the return.
Our customer support team will review your return request and provide you with further instructions.
Please note that the return process may vary depending on your location and the product category.





",return policy
am I eligible to return a product,"To determine if you are eligible to return a product, please refer to our return policy on our website. Generally, products can be returned within a specified time frame from the date of delivery, provided the product is unused and in its original packaging with all the tags intact. However, the return policy may vary depending on the product category and your location. If you have any doubts, please contact our customer support team for further assistance.",return policy
guidelines for returning a product,"To ensure a smooth return process, please follow the guidelines below:

Check our return policy on our website to ensure you are eligible for a return.
Make sure the product is unused, in its original packaging, and has all the tags intact.
Log in to your account on our website and go to the ""Orders"" section.
Select the order containing the product you wish to return.
Choose the product you wish to return and provide a reason for the return.
Our customer support team will review your return request and provide you with further instructions.
Pack the product securely in a box with the original packaging and any accessories or free gifts that came with it.
Send the product back to us via a reputable shipping carrier with a tracking number.
Once we receive the product and confirm that it meets our return policy guidelines, we will process your refund.
Please note that the return process may vary depending on your location and the product category.",return policy
return policy,"Our return policy allows you to return products within a specified time frame from the date of delivery, provided the product is unused and in its original packaging with all the tags intact. The return policy may vary depending on the product category and your location.

Please note the following points regarding our return policy:

Products must be returned within the specified time frame from the date of delivery.
Products must be unused and in their original packaging with all the tags intact.
Some products may not be eligible for return due to hygiene or safety reasons.
The return shipping cost may be borne by the customer.
Refunds will be processed once the product is received and confirmed to meet our return policy guidelines.
For more details regarding our return policy, please refer to our website or contact our customer support team.",return policy
how do I track my product,"To track your product, please follow the steps below:

Log in to your account on our website and go to the ""Orders"" section.
Find the order containing the product you wish to track.
Look for the tracking information for your shipment, which will be displayed on the order details page.
Click on the tracking number or link to track your shipment.
If you have any issues or questions regarding your product's tracking information, please contact our customer support team for further assistance.",track
I want a new laptop,"Great! We would be happy to assist you in finding a new laptop. What are your specific requirements? Do you have a preferred brand, operating system, or budget in mind?",product enquiry
what's the package dimension and weight please,"Package dimension is 45 x 26 INCH, weight is 3 kg.",shipping enquiry
Is this bed only the mattress or with the cot?,not as good as requird,product enquiry
Can I get customised size 75|54,"Yes , We will customize the mattress,",product enquiry
Is this mattress (72 x 60) available in 8 or 10 inches thickness?,Yes sir We have 72x60 in 8 inch thickness,product enquiry
How do I set up my new smartphone?,"To set up your new smartphone, follow these steps:

Power on your phone by pressing and holding the power button.

Select your language and region preferences.

Connect to a Wi-Fi network or use your mobile data to proceed with the setup.

Sign in with your Google or Apple ID (if applicable) to sync your accounts and data.

Agree to the terms and conditions and set up any additional security measures like fingerprints or facial recognition.

",product setup
I want the white table with 150cm (5 feet) x 75cm (2.5 feet) just like ikea. can you make custom one? i need it for youtube and work.,Yes sir. We can make it.,product enquiry
What is your return policy? can i return if product not up to my expectation?,"This is Replacement only product. in case of delivery damage, we will replace the whole table or damaged part as per customer requirement.",return policy
Whatâ€™s  tabe legs made of?,The legs are made of Stainless Steel Materials,product enquiry
Can two people can work on this table?,"Yes, we have designed this table in a way that two people can work on it. Even you work alone, you can manage multiple screens as well.",product enquiry
How can I transfer my data from my old phone to my new phone?,"There are a few methods to transfer data from your old phone to your new phone:

Backup and restore: Use the backup feature in your old phone to create a backup file. Then, transfer the backup file to your new phone and restore it.

Cloud services: Sync your data, such as contacts, photos, and documents, with cloud services like Google Drive, iCloud, or Dropbox. Sign in to the same account on your new phone and download the synced data.

Transfer apps and data: Some smartphones offer built-in tools or apps that allow you to transfer apps and data directly from your old phone to your new phone. Follow the instructions provided by the device manufacturer.

SIM card: If your old phone uses a SIM card, you can transfer contacts stored on the SIM card to your new phone by inserting the SIM card into the new device and importing the contacts.",product setup
How do I back up my smartphone data?,"For Android devices:

Google Account Backup: Go to your phone's Settings and locate the ""Backup"" or ""Backup and Reset"" section. Enable the option to back up your data to your Google Account. You can choose to back up various types of data, including app data, contacts, photos, and more.

Third-party Backup Apps: There are several backup apps available on the Google Play Store that offer more extensive backup options. Install a trusted backup app of your choice, follow the app's instructions, and select the data you want to back up.

",product setup
"do I need to reset my product before exchange

",yes,exchange
How do I turn on/off my smartphone?,"To turn on your smartphone, press and hold the power button until the device powers on. To turn it off, press and hold the power button, then select the ""Power Off"" option.",product setup
How do I adjust the screen brightness on my smartphone?,You can usually adjust the screen brightness by swiping down from the top of the screen to access the quick settings panel and adjusting the brightness slider.,product setup
How do I take a screenshot on my smartphone?,"On most smartphones, you can take a screenshot by simultaneously pressing the power button and the volume down button.",product setup
How do I uninstall an app on my smartphone?,"To uninstall an app, go to the ""Settings"" or ""Apps"" menu on your smartphone, locate the app you want to uninstall, and select the ""Uninstall"" or ""Delete"" option",product setup
How do I connect my smartphone to a Wi-Fi network?, turn on wifi,product setup
Can microsoft office can be installed in this laptop ?,2500 for gkk kit and 250 extra for if you have iron filter installed,product enquiry
Does it have backlit keyboard ?,"No, it doesn't have backlit keyboard ",product enquiry
Can i use this laptop for office purpose?,"Yes, this laptop is designed for office purpose only",product enquiry
Is the laptop touch screen or not?,"Yes , it has touch screen feature ",product enquiry
what is the warranty for the device?,Warranty is for a whole 1 year,warranty
What is the battery backup time?,The battery backup time is 5-6 hours,product enquiry
Is the device suitable for gaming purpose?,"Yes, it is suitable for gaming purposes ",product enquiry
Does the mobile device has expandable ram?,"Yes, it can be extended upto 16GB",product enquiry
what is the quality of the front camera in realme X?,The front camera quality is 14mp,quality
Is the earphones included with the mobile?,"No, it does not come with earphones ",product enquiry
How long it will take for the mobile to get fully charged?,The mobile will get full charged in 30 mins,product enquiry
Does it support fast charging?,"Yes, it supports fast charging ",product enquiry
What smartphone models do you offer?,"We offer a wide range of smartphone models from various brands, including (mention the brands you offer). You can explore our collection on our website or specify your preferences for personalized recommendations.",product enquiry
How do I choose the right smartphone for my needs?,"To choose the right smartphone, consider factors like your budget, preferred operating system (iOS or Android), desired features (camera quality, storage capacity, etc.), and any specific brand preferences. Our product descriptions and customer reviews can help you make an informed decision.",product enquiry
Can I compare different smartphone models?,"Yes, you can compare different smartphone models on our website. Simply select the models you wish to compare, and our website will provide a detailed comparison of their specifications, features, and prices.",product comparison
What type of networks this mobile will support?,"It will support 5G,4G,3G",product enquiry
What is the capacity of the battery?,The batter capacity is 5000 mAh,product enquiry
When will the product be delivered approximately?,The product will be delivered within 4 days of the product dispatched ,shipping enquiry
Can you suggest a mobile phone which is useful for gaming?,"Yes, a mobile phone with a processor of octa core will be good",product enquiry
Does this mobile support dual sim?,"Yes , dual sim option is available in so many devices ",product enquiry
Does the mobile comes with charger?,"Yes, it does come with charger inside the box",product enquiry
Are all the products are assured?,"Yes, every product is assured and validated ",quality
Can i connect my mobile to the smart watch?,"Yes, your mobile can be connected to the smart watch",product enquiry
Is the watch waterproof?,"Yes, the watch is waterproof ",quality
What is the type of charging cable?,The type of charging cable is c type,product enquiry
Can the heart rate and bp can be monitored through watch?,"Yes, the heart rate and blood pressure can be monitored through the watch through the sensors ",product enquiry
Does this have inbuilt mic?,"Yes, it comes with inbuilt mic",product enquiry
What is the bluetooth version suitable for long distance ,The bluetooth suitable for long distance is version 5 series ,product enquiry
What is the bluetooth range of bolt audio z40?,The Bluetooth range of bolt audio z40 is 10m,product enquiry
What is the country of origin of bolt audio z40?,The country of origin of bolt audio Z40 is china,product enquiry
Is the no cost EMI option available?,"Yes, no cost emi option is available for some products ",payment issue
Are the smartphones unlocked or locked to a specific carrier?,"Our smartphones are typically unlocked, allowing you to use them with any compatible carrier. However, please check the product descriptions or contact our customer support for specific details on carrier compatibility.",product enquiry
What is the important thing to look into while buying sunglasses?,"The important thing to look into while sunglasses are comfort, UV protection and gradient ",quality
Can sunglasses  be used by both men and women?,"Yes, sunglasses can be used by both men and women",product enquiry
How long should balcony plants be exposed to sunlight per day?,Depends on plant.. If they sent you the disgusting plant like mine it will die no matter how much you care.. If the plant is good 3-4 hrs of sunlight is enough with less moisture in soil..,product setup
"Will you take the product back, If I receive damaged plant?","They won't take product back, but they will replace or refund the amount, I f you are able to send the valid picture of damaged on",return policy
Does this helmet fit in the box of scooty pep plus?,yes,product enquiry
my head size 60 cm wich helmet size is best for me,Xl size comfortable,product enquiry
Does VOLANTIS Marble Style Wall Clock have Radium which glows at night,no,product enquiry
"Why there is no warranty for the branded Ajanta ? Normally it comes with 1 year warranty,if no warranty provided then its not the original one",All Ajanta products comes with the warranty of 1 year but Seller don't give warranty. contact Ajanta customer care service.. for warranty,warranty
Is Ajanta Plastic Abstract Wall Clock a slient movement clock or tik tok sound clock,Very very low sound it makes.,product enquiry
Can the size of the curtains be customised? I need 7.5 feet in length,yes absolutely you can contact seller,product enquiry
The length of curtain is from ring to bottom of the curtain,length of curtain is top to bottom.,product enquiry
what is the transparency level of loom window curtains?,block up to 70% direct sun light.,product enquiry
What are the diameter & length of the philips led 14w stellar bright led lamp ? i need to check whether i can accomodate it in my shade,"By shade I believe you are talking about a Lamp Shade. I bought this for my lamp as well, and it was too big. You are better off going with a 12W philips bulb which comes with a flatter glass portion(even that protudes a little - by a few mm's).
Length of the bulb - 11.7 cm including the base which goes into the holder (9cm excluding the aluminium base)
Diameter of the bulb - 6.5 cm",product enquiry
"How can i return this wipro bulb in case of defect within warranty period
",Talk over customer care of the company and you should have a valid bill to prove the ownership,return policy
Is TIED RIBBONS Resin Buddha Monk Statues washable?,Yes you can,product enquiry
What is a smartphone?," A smartphone is a mobile device that combines the functionalities of a phone with advanced features such as internet access, apps, and multimedia capabilities.",product enquiry
What are the popular smartphone brands?,"Some popular smartphone brands include Apple, Samsung, Xiaomi, Huawei, OnePlus, and Google.",product enquiry
What is the difference between Android and iOS?,"Android and iOS are different operating systems for smartphones. Android is developed by Google and is used by various phone manufacturers, while iOS is exclusive to Apple iPhones.",product comparison
How do I insert a SIM card into my smartphone?,"To insert a SIM card, locate the SIM card slot on your smartphone, usually found on the side or the back of the device. Use a SIM card ejector tool or a paperclip to gently push the SIM card into the slot.",product setup
How do I choose the right smartphone for my needs?,"To choose the right smartphone, consider factors such as your budget, preferred operating system, desired features (camera quality, storage capacity, etc.), and brand preferences. You can also read customer reviews to help you make a decision.",product enquiry
Are the smartphones brand new or refurbished?,"The smartphones we sell are typically brand new unless otherwise stated. We prioritize offering new devices to our customers. If refurbished options are available, it will be clearly mentioned in the product description.",product enquiry
Can I purchase additional accessories for my smartphone?,"Yes, we offer a range of accessories for smartphones, including cases, screen protectors, chargers, and more. You can browse our accessories section to find compatible items for your smartphone.",product enquiry
 How can I contact customer support for smartphone-related queries?,"You can contact our customer support team by visiting the ""Contact Us"" or ""Support"" page on our website. You will find options to chat with a representative, send an email, or find our phone number for further assistance.",customer support
Are the smartphones you sell compatible with 5G networks?,"Yes, we offer smartphones that are compatible with 5G networks. Check the product specifications or filter the search options on our website to find smartphones with 5G capabilities.",product enquiry
Can I get assistance with setting up my new smartphone?,"Yes, we offer assistance with setting up your new smartphone. ",product setup
How long does the battery last on the smartphones you sell?,"Battery life varies depending on usage, but our smartphones have long-lasting batteries for all-day use.",quality
Can I transfer my existing phone number to a new smartphone?,"Yes, you can transfer your existing phone number to a new smartphone. Contact your current service provider for assistance.",product setup
Do you sell accessories like cases and screen protectors for smartphones?,"Yes, we offer a variety of accessories for smartphones, including cases, screen protectors, chargers, and more.",product enquiry
: Can I expand the storage capacity of my smartphone?, Some smartphones support expandable storage via microSD cards. Check the specifications to see if your desired model has this feature.,product enquiry
How soon can I expect my smartphone to be delivered?,We strive to deliver your smartphone within [insert estimated delivery time] after the order is processed. Actual delivery times may vary.,order status
Can I return a smartphone if I'm not satisfied with my purchase?,"Yes, you can return a smartphone within our designated return period if it meets our return policy criteria. Please refer to our Returns page for more information.",return policy
Are the smartphones you sell compatible with international networks?,"Our smartphones are typically compatible with international networks, but it's essential to check the network bands and compatibility before making a purchase.",product enquiry
Can I customize the color or storage option of the smartphone I want to buy?,"Depending on the model, you may have options to select the desired color and storage capacity during the purchase process.",product setup
Do you offer extended warranty options for smartphones?,"Yes, we provide extended warranty options for smartphones to provide additional coverage beyond the standard manufacturer's warranty.",warranty
 Can I get technical support or assistance with smartphone issues after purchase?,"Yes, we offer technical support and assistance for any smartphone issues you may encounter after your purchase. Please contact our customer support for further assistance.",warranty
Are your beauty products cruelty-free?,"Yes, we prioritize offering cruelty-free beauty products that are not tested on animals.",product enquiry
Do you have organic or natural beauty products?,"Yes, we have a selection of organic and natural beauty products for those seeking a more natural approach to skincare and cosmetics.",product enquiry
 Can I find vegan beauty products on your website?,"Yes, we offer a variety of vegan beauty products that are free from animal-derived ingredients.",product enquiry
 What types of skincare products do you sell?," We sell a range of skincare products, including cleansers, moisturizers, serums, masks, and more.",product enquiry
Do you offer makeup products?,"Yes, we have a wide selection of makeup products, including foundations, lipsticks, eyeshadows, and more.",product enquiry
Are your beauty products suitable for sensitive skin?,"We have a range of beauty products specifically formulated for sensitive skin. Look for products labeled as ""suitable for sensitive skin"" or ""gentle formula.""",product enquiry
"Can I find products for specific skin concerns, such as acne or aging?","Yes, we offer skincare products that target various skin concerns, including acne, aging, dryness, and more. Browse our specialized skincare categories for specific concerns.",product enquiry
What is your return policy for beauty products?,Our return policy allows you to return beauty products within a specified period if they are unused and in their original packaging. Please refer to our Returns page for detailed information.,return policy
Do you offer samples of beauty products?,"Yes, we may offer samples of select beauty products with your purchase or as part of promotional offers. Check our website or promotions for availability.",product enquiry
 Can I find hair care products on your website?,"Yes, we offer a range of hair care products, including shampoos, conditioners, styling products, and treatments.",product enquiry
 Are your beauty products suitable for all skin types?,"Our beauty products cater to various skin types, including normal, dry, oily, combination, and sensitive skin. Look for product descriptions that mention suitability for specific skin types.",product enquiry
Can I find organic or natural hair care products on your website?,"Yes, we have a selection of organic and natural hair care products that are free from harsh chemicals and artificial ingredients.",product enquiry
Do you offer skincare sets or bundles?,"Yes, we offer skincare sets and bundles that include multiple products tailored for specific skincare routines or concerns. These can be found in our bundled sets section.",product enquiry
How do I clean stainless steel appliances?,"To clean stainless steel appliances, you can use a mixture of warm water and mild dish soap. Wipe the surface with a soft cloth or sponge, following the grain of the steel.",product usage
What are some energy-efficient kitchen appliances?,Energy-efficient kitchen appliances are usually labeled with an Energy Star rating. Look for appliances that consume less electricity or have energy-saving features.,product enquiry
How do I remove stains from my carpet?,"To remove stains from your carpet, you can use a mixture of water and mild detergent. Blot the stain gently with a clean cloth, and avoid rubbing it vigorously to prevent damage.",product usage
What's the best way to organize kitchen cabinets?,"Organize your kitchen cabinets by grouping similar items together, using storage containers or dividers, and labeling shelves for easy access and organization.",product usage
Which types of cookware are safe for induction stoves?,"When using an induction stove, make sure to use cookware with a magnetic base, such as cast iron or stainless steel. Non-magnetic cookware like aluminum or copper won't work on induction stoves",product enquiry
Can you recommend a durable and non-stick frying pan?,We recommend the philips brand frying pan. It is made of durable materials and features a non-stick coating for easy cooking and cleaning.,product enquiry
What are the dimensions of this dining table?,"The dimensions of the dining table are 60 inches long, 36 inches wide, and 30 inches tall. Please note that slight variations may occur.",product enquiry
What are some durable and non-stick cookware options?,"For durable and non-stick cookware options, consider materials like stainless steel with a non-stick coating, ceramic, or hard-anodized aluminum.",product enquiry
How do I choose the right size of a dining table for my space?,"To choose the right size dining table, measure the available space and ensure there's enough room for chairs to be comfortably pulled out. Leave about 36 inches of space between the table and walls or other furniture.",product enquiry
What are some eco-friendly alternatives to plastic food storage containers?,"Look for eco-friendly food storage alternatives like glass containers, silicone bags, or stainless steel containers, which are reusable and better for the environment.",product enquiry
How do I remove rust from kitchen knives?,Remove rust from kitchen knives by gently scrubbing the affected area with a mixture of baking soda and water or using a specialized rust remover. Rinse and dry the knives thoroughly afterward.,product usage
Which type of blender is suitable for making smoothies?,"For making smoothies, a high-speed blender with a powerful motor, such as those with at least 1000 watts, is recommended for efficient blending of fruits and ice.",product enquiry
How do I properly care for and maintain a wooden cutting board?,"To care for a wooden cutting board, regularly clean it with mild soap and warm water, dry it thoroughly, and periodically apply food-grade mineral oil to maintain its condition.",product usage
What are the best methods to clean a stainless steel sink?,"Clean a stainless steel sink by using a mild abrasive cleaner, such as a mixture of baking soda and water, and scrubbing gently with a non-abrasive sponge or cloth. Rinse and dry afterward.",product usage
How do I choose the right type of lighting for my kitchen?,"When choosing kitchen lighting, consider the functionality and ambiance. Use task lighting for work areas, such as under-cabinet lights, and ambient lighting, such as pendant lights or recessed lighting, for overall illumination.",product enquiry
Can I find beauty tools and accessories on your website?,"Yes, we have a range of beauty tools and accessories, including makeup brushes, hair styling tools, skincare devices, and more.",product enquiry
Are your beauty products dermatologist-tested?,Many of our beauty products undergo dermatologist testing to ensure safety and efficacy. Look for product descriptions that mention dermatologist-tested or clinically tested.,product enquiry
Can I get recommendations for beauty products based on my skin type or concerns?,"Yes, we have a personalized beauty recommendation feature where you can input your skin type and concerns to receive tailored product suggestions.",product enquiry
 Do you offer international shipping for beauty products?," Yes, we offer international shipping for our beauty products. Shipping options and charges may vary depending on the destination.",shipping enquiry
Can I track the delivery of my beauty product order?,"Yes, we provide tracking information for your beauty product order. You can track the delivery status through our website or using the provided tracking number.",track
 How can I contact customer support for beauty product-related inquiries?,"You can contact our customer support team via chat, email, or phone for assistance with any beauty product-related queries.",customer support
Can I find natural or organic makeup products on your website?,"Yes, we offer a selection of natural and organic makeup products that are made with high-quality, non-toxic ingredients.",product enquiry
Are your beauty products suitable for people with allergies?,We offer a range of hypoallergenic beauty products that are specially formulated to minimize the risk of allergic reactions.,product enquiry
Do you offer fragrance-free beauty products?,"Yes, we have a collection of fragrance-free beauty products for individuals who prefer products without added scents.",product enquiry
Can I find cruelty-free and vegan makeup brushes on your website?,"Yes, we have a range of cruelty-free and vegan makeup brushes that are made with synthetic bristles instead of animal hair.",product enquiry
 Can I purchase gift sets or beauty product bundles?,"Yes, we offer a variety of gift sets and beauty product bundles that make perfect gifts or provide a complete beauty regimen in one package.",product enquiry
 Do you offer a rewards or loyalty program for beauty product purchases?,"Yes, we have a rewards program where you can earn points for your beauty product purchases and redeem them for discounts or exclusive offers.",offers
Can I find professional-grade beauty products on your website?,"Yes, we offer a selection of professional-grade beauty products that are used by industry professionals and enthusiasts alike.",product enquiry
Are your beauty products free from harmful chemicals like parabens and sulfates?,"We prioritize offering beauty products that are free from harmful chemicals, such as parabens, sulfates, and phthalates. Look for product descriptions that highlight these features.",product enquiry
"Can I find beauty products suitable for specific occasions, such as weddings or parties?"," Yes, we have a range of beauty products suitable for special occasions, including long-lasting makeup, glamorous eyeshadows, and statement lipsticks.",product enquiry
Do you offer personalized skincare consultations or recommendations?,"Yes, we provide personalized skincare consultations where our experts can recommend suitable products based on your specific skin concerns and goals.",product enquiry
Can I find eco-friendly and sustainable beauty products on your website?,"Yes, we offer a selection of eco-friendly and sustainable beauty products that are ethically sourced and packaged.",product enquiry
Can you suggest some eco-friendly cleaning products?,We offer a range of eco-friendly cleaning products that are free from harsh chemicals and environmentally friendly.,product enquiry
What is the weight capacity of this folding chair?,The weight capacity of the folding chair is provided in product features,product enquiry
Can you recommend a durable vacuum cleaner for pet hair?,"For a durable vacuum cleaner for pet hair, we recommend looking for models with strong suction power and specialized pet hair attachments.",product enquiry
How do I install a smart thermostat in my home?,"To install a smart thermostat, follow the manufacturer's instructions provided with the product. Typically, it involves turning off the power, removing the old thermostat, connecting the wires to the new thermostat, and configuring it using a smartphone app or web portal.",product setup
What are the care instructions for this cotton bedsheet?,The care instructions for the cotton bedsheet are provided in the product discription,product usage
Can you suggest some eco-friendly cleaning products?,We offer a range of eco-friendly cleaning products that are free from harsh chemicals and environmentally friendly.,product enquiry
What is the weight capacity of this folding chair?,The weight capacity of the folding chair is provided in product features,product enquiry
"Hi, ","Hi, How are you?",Greeting
